title,description,link,image_url
The 5 paid subscriptions I actually use in 2025 as a Staff Software Engineer,Tools I use that are cheaper than Netflix,https://medium.com/gitconnected/the-5-paid-subscriptions-i-actually-use-in-2025-as-a-staff-software-engineer-98033c94566e?source=home_for_you---------0-109--------------------bd58b02b_af1d_44f0_b507_2dcbb17bf6c2-------15-------,https://miro.medium.com/v2/resize:fill:25:25/1*5D9oYBd58pyjMkV_5-zXXQ.jpeg
I Can‚Äôt Recommend The MacBook Pro To Developers Anymore,It‚Äôs simply not the ideal development machine anymore. The M4 Air is all you need‚Ä¶,https://medium.com/bricksnbrackets/i-cant-recommend-the-macbook-pro-to-developers-anymore-3c646047d70a?source=home_for_you---------1-109--------------------bd58b02b_af1d_44f0_b507_2dcbb17bf6c2-------15-------,https://miro.medium.com/v2/resize:fill:25:25/1*fDqVrEG96uPXNVFf5OzQIQ.png
The Angular Performance Hack You Probably Forgot,"‚ÄúIf you‚Äôre building a large-scale Angular application, chances are your network is doing more than it needs to.‚Äù",https://medium.com/@learnwithawais/the-angular-performance-hack-you-probably-forgot-a1a67b7e56ff?source=home_for_you---------2-99--------------------bd58b02b_af1d_44f0_b507_2dcbb17bf6c2-------15-------,https://miro.medium.com/v2/resize:fill:25:25/0*RkxOBICowgA0HlUR
Day 22: Understanding Node.js Streams with a Real Example,"Unlock the true power of streams in Node.js by mastering readable, writable, and transform streams.",https://medium.com/stackademic/day-22-understanding-node-js-streams-with-a-real-example-bb99606d4222?source=home_for_you---------3-99--------------------bd58b02b_af1d_44f0_b507_2dcbb17bf6c2-------15-------,https://miro.medium.com/v2/resize:fill:25:25/1*U-kjsW7IZUobnoy1gAp1UQ.png
Angular with Tailwind CSS: A Power Combo for Modern Web Design,"How combining a robust framework with utility-first styling leads to cleaner, faster, and more scalable front-end development.",https://medium.com/@roshannavale7/angular-with-tailwind-css-a-power-combo-for-modern-web-design-16e36a401974?source=home_for_you---------4-99--------------------bd58b02b_af1d_44f0_b507_2dcbb17bf6c2-------15-------,https://miro.medium.com/v2/resize:fill:25:25/1*R3N3FQgrcIyKrrmTp6Fzmg@2x.jpeg
Another amazing new IDE from Google‚Ää‚Äî‚Ääthis destroys VS Code,Wow this is incredible‚Ää‚Äî‚Ääway better than Project IDX,https://medium.com/coding-beauty/new-google-firebase-studio-ab49070541a5?source=home_for_you---------5-99--------------------bd58b02b_af1d_44f0_b507_2dcbb17bf6c2-------15-------,https://miro.medium.com/v2/resize:fill:25:25/1*ViyWUoh4zqx294no1eENxw.png
FastAPI is Overkill: Starlette and Pydantic Are All You Really Need,Starlette and Pydantic: Building Powerful APIs Without FastAPI,https://medium.com/@leapcell/fastapi-is-overkill-starlette-and-pydantic-are-all-you-really-need-2b2d55c53de0?source=home_for_you---------6-99--------------------bd58b02b_af1d_44f0_b507_2dcbb17bf6c2-------15-------,https://miro.medium.com/v2/resize:fill:25:25/1*0YWVSvrg4gZWibWx7nYR8g.png
TypeScript: Zero To Hero Plus Cheat Sheet,To be competitive you have to know TypeScript. Let‚Äôs get you from zero to hero!,https://medium.com/gitconnected/typescript-zero-to-hero-plus-cheat-sheet-c11ff20efdb1?source=home_for_you---------7-102--------------------bd58b02b_af1d_44f0_b507_2dcbb17bf6c2-------15-------,https://miro.medium.com/v2/resize:fill:25:25/1*5D9oYBd58pyjMkV_5-zXXQ.jpeg
Why I Replaced NGINX with Traefik in My Docker Compose Setup,"For a long time, NGINX was my go-to solution for setting up reverse proxies. Whether it was a Node.js app, a Django backend, or even a‚Ä¶",https://medium.com/@prateekjain.dev/why-i-replaced-nginx-with-traefik-in-my-docker-compose-setup-32f53b8ab2d8?source=home_for_you---------8-99--------------------bd58b02b_af1d_44f0_b507_2dcbb17bf6c2-------15-------,https://miro.medium.com/v2/resize:fill:25:25/1*JoT0fC0wd6684M-Xm2x6OA.png
SQL Essentials: GROUP BY vs. PARTITION BY explained,"If you‚Äôre not a Medium member, you can still enjoy the full article for free. Click here to read it all üòä",https://medium.com/code-like-a-girl/sql-essentials-group-by-vs-partition-by-explained-6e9b0a69bd02?source=home_for_you---------9-102--------------------bd58b02b_af1d_44f0_b507_2dcbb17bf6c2-------15-------,https://miro.medium.com/v2/resize:fill:25:25/1*rt1mE2Q0rmKsUcJX2ewFoA.png
